{"cameraMode":{"drawMode":0,"name":"Shaded","section":"Shading Mode"},"sceneLighting":false,"audioPlay":false,"sceneViewState":{"m_AlwaysRefresh":false,"showFog":true,"showSkybox":false,"showFlares":true,"showImageEffects":true,"showParticleSystems":true,"showVisualEffectGraphs":true,"m_FxEnabled":true},"in2DMode":false,"pivot":{"x":0.00011586770415306091,"y":0.10366891324520111,"z":0.0015064626932144166},"rotation":{"x":0.12169083952903748,"y":0.877047061920166,"z":-0.3531595766544342,"w":0.3021688461303711},"size":0.15893147885799409,"orthographic":false}