{"cameraMode":{"drawMode":0,"name":"Shaded","section":"Shading Mode"},"sceneLighting":false,"audioPlay":false,"sceneViewState":{"m_AlwaysRefresh":false,"showFog":true,"showSkybox":false,"showFlares":true,"showImageEffects":true,"showParticleSystems":true,"showVisualEffectGraphs":true,"m_FxEnabled":true},"in2DMode":false,"pivot":{"x":-8.255000114440918,"y":7.021556377410889,"z":-1.2681000232696534},"rotation":{"x":0.04237264767289162,"y":0.8966692090034485,"z":-0.4318254590034485,"w":0.08797265589237213},"size":0.11285103112459183,"orthographic":false}